frame,true_dT_C,est_dT_C,true_bend_state,est_bend_state,stale_error,proposed_error
0,0.0,0.014536340627506505,0.15307482995803057,0.14439516199751548,0.20902733440161853,0.04846550516996844
1,0.1380623789443165,0.14957460856014748,0.16344861881248102,0.1534940720513845,0.22656632681187064,0.07368622952144083
2,0.2706870060450662,0.27776204956229106,0.1658856635680178,0.15558363175431683,0.2375147300640362,0.07020039306783246
3,0.39280981853984587,0.38684453940660857,0.1615223780334101,0.15116207092804834,0.24040187957519132,0.07380697805886068
4,0.5000865995380465,0.48845237574400147,0.1521945601014057,0.14267389776622785,0.2486603585192791,0.07236383411718189
5,0.5891861110491615,0.5685655956736684,0.14017195877466654,0.13183088987217784,0.25346967544733817,0.08999966690982071
6,0.6580086420632268,0.6302823491359418,0.1278375541436677,0.12072472063710137,0.26910069798759434,0.07789340899157417
7,0.7058139387740591,0.6748437074937054,0.1173550643585397,0.11133811915829847,0.2556443247551487,0.06903823437493134
8,0.7332492003158364,0.696149230525357,0.11036973424076005,0.10416204900913252,0.28360316594700535,0.08198525142319972
9,0.7422752295786785,0.7015140004673751,0.10778291380459798,0.10246692841669269,0.2683523394578147,0.08773857150829936
10,0.7359963755294531,0.6976572590889034,0.10963091633859698,0.10304192044365648,0.27336593788275143,0.06671977083283537
11,0.7184070313140896,0.6811909239897117,0.11508450864660297,0.10799349037917857,0.2643753565350934,0.07041522987450201
12,0.6940736326633912,0.6642123760036047,0.12256904060423812,0.11671567510124609,0.2719452789191856,0.08060527959042711
13,0.6677758754571226,0.6328409892473177,0.12998887564265388,0.12310000241533077,0.25245407442705003,0.0761421171554826
14,0.6441338856880178,0.611720041121108,0.13502564642067522,0.12759828781198246,0.2660296898784391,0.07226803171640067
15,0.6272491060075476,0.6034110719942445,0.1354698408315905,0.12726995459223273,0.25598568826795826,0.07321562193045035
16,0.6203856341359331,0.5914703721039407,0.12954067643127515,0.12205733342999449,0.24527604795552582,0.0701267450953443
17,0.6257157360602741,0.5987020203921706,0.11615076111595189,0.1111497370236051,0.2544341803436899,0.07899303207861054
18,0.6441484846150433,0.6196185601039955,0.09507945705925286,0.09145243257475522,0.23139073884595146,0.05989515926399125
19,0.6752542957592212,0.6466221907350781,0.06703116206760479,0.065574961755424,0.23712172039919133,0.04950273459263555
20,0.717291008930469,0.6886145244400071,0.03357023729513817,0.03274900634041528,0.23917427350443501,0.055758049711763236
21,0.7673296128509568,0.7348974942201106,-0.003059052293311399,-0.0028536801015384794,0.25073889525035864,0.05078440077891551
22,0.8214703137463677,0.7831033844355506,-0.040203704878589076,-0.040148703900798735,0.2733426595780334,0.05422050639677021
23,0.8751329283579089,0.8280102357957412,-0.07512808183876589,-0.07414442761517367,0.3027943249293663,0.062053810636136165
24,0.9234000574548943,0.8651911108413799,-0.10535135133003967,-0.10367411090519364,0.3468050586297801,0.09389919532746624
25,0.9613875667690165,0.8908134687168073,-0.1289511512561812,-0.12507305019763076,0.3844677409669698,0.08770357052205437
26,0.9846148628390622,0.9090517524927357,-0.14479290086617885,-0.13963886434932185,0.3797121706952205,0.1037210616862067
27,0.9893474525192767,0.9125852827389448,-0.15265421672105156,-0.1471517150923858,0.3970441364411267,0.1030788498844593
28,0.9728863168580335,0.9043662809295985,-0.15322803446986216,-0.14768777886705242,0.4056729913371776,0.11211298132923112
29,0.9337825613376628,0.8680917572895286,-0.14800439261203635,-0.14349091051407387,0.38473108974656756,0.1050894466194598
30,0.871961333597598,0.8169747127385714,-0.13904718977535385,-0.1357696186504872,0.3609232351529465,0.08930732810470836
31,0.7887457167497761,0.7469498467408742,-0.12869637457492536,-0.12663217704104368,0.3247790043623975,0.0815484797741066
32,0.6867787131447393,0.6592682661940387,-0.11923605665262411,-0.1181677899924622,0.28441487970973556,0.06408889853443869
33,0.5698489807059144,0.5564298720478564,-0.11257358506308819,-0.11208503686757348,0.23332691767886818,0.041877649551699994
34,0.4426331120396536,0.4328227331469439,-0.1099731108781858,-0.10944249903508119,0.21462452025894488,0.04566624251529859
35,0.3103734268545193,0.31170839193666006,-0.11187974194150185,-0.1114138929133168,0.18263464583226158,0.03445597266114084
36,0.1785150224758926,0.1869267280994215,-0.1178581104459556,-0.1177077927491031,0.1710244848291685,0.042570547210754456
37,0.05232884138880181,0.0659151702047259,-0.12665366862742106,-0.12570808190308302,0.17339542656814763,0.03806542053742855
38,-0.06345145471640246,-0.05052310772575363,-0.13636839920084984,-0.13456903892906488,0.18543070562037783,0.0554429439132521
39,-0.1649520443746445,-0.14642336294404593,-0.14472712175821761,-0.14253007270566054,0.20976395643071946,0.05107171176095868
40,-0.2494171922976347,-0.22710116380478976,-0.1493982890356498,-0.14587304401035914,0.22797298137894872,0.06403653665578231
41,-0.3153842080756407,-0.28881685328049556,-0.14832575793743655,-0.14388806882661712,0.2533988622698556,0.08033475421566674
42,-0.36276232313680146,-0.3363104609167937,-0.1400264908063842,-0.13678632444637043,0.23704359539127653,0.0751579132960208
43,-0.392809818539846,-0.36437587971213725,-0.12381369986934701,-0.12091002972726307,0.20979818897122665,0.0597865970612281
44,-0.4080112824463111,-0.39493128265629057,-0.09991497717220488,-0.09860746458215669,0.1880625775745095,0.046145596185775344
45,-0.41186428191783664,-0.40116014926809773,-0.06946909968642716,-0.06892308659848922,0.16142526120447626,0.039162193209299596
46,-0.40859144976559214,-0.40752629959020276,-0.0344015544365235,-0.03406546771943053,0.14385634767536784,0.028584515778875552
47,-0.40279951545509807,-0.40757604921596674,0.002804816964745665,0.0025613201297772104,0.12807551450236432,0.03193679783717013
48,-0.3991107395543675,-0.40113192778091655,0.03941350949856286,0.0387456746810404,0.13896550368744637,0.03150099442234653
49,-0.4017942524276341,-0.39274184850844834,0.07277181048327164,0.07102458328682666,0.16274177319835656,0.040692177064211445
50,-0.41442479846729885,-0.40427186977682644,0.10063689556706286,0.09723454122951239,0.19494373294031847,0.042555753615350536
51,-0.43959434711944684,-0.42505536812456257,0.1214469754613106,0.11555690007833742,0.21212984310091168,0.041150498208469596
52,-0.4786981026398178,-0.4524966694348263,0.13450131937421878,0.12746898099842685,0.2405341127648025,0.055440322719725106
53,-0.531810917388978,-0.503637815022398,0.1400252758190635,0.1313479420829263,0.2555180198248452,0.05985347230342974
54,-0.5976633985169203,-0.567271117343727,0.13911192513109008,0.13186223047756476,0.2713613141467751,0.058118110153181184
55,-0.6737195931786452,-0.644329472831891,0.13354863568014988,0.125439454003565,0.2782479264310558,0.0579364658338646
56,-0.7563505922040779,-0.7260301207789794,0.1255523107409792,0.11887268883824487,0.29096048932496404,0.056768360439376074
57,-0.8410912660838469,-0.81057227916385,0.11744941030927789,0.11119567722058911,0.3155120495039669,0.0660594642077347
58,-0.9229611688096855,-0.8819363509324817,0.11134425149179,0.10515821725059535,0.3221058308845651,0.06849128405251596
59,-0.9968258728213752,-0.9490968916954394,0.10882063097843545,0.10263079494496834,0.3442325939021284,0.0736777869526392
60,-1.0577719860815131,-1.0038592422806532,0.11071726616082528,0.10403901251330261,0.3752001799261022,0.07707841788027153
61,-1.1014680736124256,-1.0444555075839304,0.11700753243847442,0.10993910485547997,0.38381371618159793,0.0930601451452144
62,-1.124484737065329,-1.0593668954211122,0.12679983696983022,0.11803176030184563,0.40994636340581075,0.09291294339570469
63,-1.1245501206555437,-1.0561370351582786,0.1384586236214736,0.12783585002191633,0.4074913385335323,0.10322287501208609
64,-1.1007218865862192,-1.0231261770113091,0.1498296584387309,0.13724351635601928,0.4158294993172822,0.10495625973426714
65,-1.053462883860752,-0.9825921001515029,0.15853910789666917,0.1442780833984817,0.40153919597033294,0.1007039952350406
66,-0.9846148628390621,-0.9242828506591341,0.16232590353052187,0.14877077132172561,0.39804811828512415,0.10286015095850581
67,-0.8972721354275421,-0.8427057657639575,0.15936234010206624,0.1464588830725139,0.36654521671877577,0.08855856029261945
68,-0.7955644877267084,-0.7558855098370959,0.1485193949705576,0.1386422333951762,0.3373990719136593,0.08083479820097995
69,-0.684365369040028,-0.6548664638351318,0.12954067643127526,0.12263235144455929,0.2739426728487482,0.06035857580174881
70,-0.5689469102786369,-0.5543493890387758,0.1031012069769851,0.09906485776382032,0.2309681395468482,0.03667267148995917
71,-0.45460725598830654,-0.44501621474026365,0.07074276337786203,0.06852305494417528,0.17403963107607578,0.03294969711605319
72,-0.3462977359936954,-0.34243388468625446,0.034694134179737025,0.03385904887898749,0.12259831811104278,0.040108892259087335
73,-0.24827740364376089,-0.25103499165798737,-0.002399829997292569,-0.0023220057734695625,0.09012241325197046,0.028059723462059344
74,-0.1638204278450116,-0.1615030631213721,-0.037804202085438984,-0.03751545190976598,0.07656955395199534,0.029251118276922033
75,-0.09499789683094659,-0.08776826268958493,-0.06903141216146566,-0.06981950782085124,0.1109094786436418,0.03614904409953052
76,-0.04255006440774753,-0.03731350155499827,-0.09414500500399814,-0.094079314789819,0.14077248701716474,0.03666744768350788
77,-0.005858354217703948,0.0056426326483245545,-0.11198914952775388,-0.11102811320822283,0.15222144839638618,0.044086230350452324
78,0.01698096754530537,0.025837314431921155,-0.12231335305846655,-0.12151399482782164,0.17629641711281926,0.04228300724017305
79,0.02898708630650014,0.037861410220992375,-0.12577597770094637,-0.12448487576658267,0.17792137741950428,0.04916526742029914
80,0.034041662274061295,0.05096194612372956,-0.12382650943817486,-0.12251884310887365,0.17586227161140422,0.05642878414255715
81,0.036571523880998734,0.039733426760376306,-0.11848288467773418,-0.11726237974327634,0.16578071069807473,0.04042623607275756
82,0.04119074607464675,0.0390243251844961,-0.1120343253196053,-0.11099416527092464,0.153223618995788,0.038928464769130845
83,0.052328841388801284,0.060887755366375626,-0.10671016188748594,-0.10556472927089827,0.14764053291515922,0.03879012101466272
84,0.07387282168484197,0.07596738650072621,-0.10435968089353448,-0.10362504855481657,0.1453947844604675,0.04029732167050236
85,0.1088498585988758,0.10888297578253257,-0.10618650251365706,-0.10577701507299331,0.1493446654463096,0.041719768254504165
86,0.15917425746795716,0.1663010726608532,-0.11257358506308814,-0.11217300224984893,0.15866940758959103,0.04642409787585984
87,0.22547768632377266,0.22929472042879914,-0.12302266501715275,-0.12201406586179063,0.18418843063025372,0.0420313980765795
88,0.30703542246263066,0.30483838536047686,-0.13621643562289243,-0.1350667211004214,0.21486175526368265,0.04442874961704606
89,0.40179425242763445,0.3949559175405004,-0.1501951383338236,-0.1479711545320179,0.24102915864585794,0.06241332274163155
90,0.5065001155590345,0.4929414500989662,-0.16262373591985202,-0.15970659361611503,0.2768563979841055,0.06724150513944667
91,0.6169161762507709,0.5949038598836427,-0.17111354899297798,-0.1670137038076953,0.31278841110044,0.07633015672264568
92,0.7281152949374523,0.6923775884632151,-0.17355482904109426,-0.16827281988625117,0.3457149182968801,0.08082410479244648
93,0.8348253407079379,0.7863065586671173,-0.16841521220088218,-0.16289571532177677,0.36153256644710274,0.07987010193085034
94,0.9318018592783899,0.8672169950208147,-0.15496355613515092,-0.15003622943806405,0.3968685147917205,0.11090450416006291
95,1.0142005703296895,0.9369463158315126,-0.1333886926086699,-0.1291498493045193,0.4052085609317423,0.10715038170009444
96,1.0779221692662317,0.9923812151195167,-0.10479677670411498,-0.101563423371936,0.393161400380174,0.09597011864066225
97,1.1199039502784895,1.028332030914742,-0.07108726988932838,-0.07029651901336993,0.3841905618588182,0.0938281344534825
98,1.1383366988332586,1.0428317573797437,-0.03472394989429971,-0.034037974868137866,0.3858930534925793,0.09678529501457282
99,1.1327908308895203,1.0366137639279518,0.0015685128559075612,0.0014680704478296862,0.3785300004115645,0.10076581837730367
100,1.1042424732526104,1.0125903315741056,0.03514184485261322,0.033045041718913946,0.37931652852728465,0.10565521340214223
101,1.0549975864413286,0.9657856869107821,0.06375020317995367,0.05912586314640291,0.3660230401010482,0.09501198965615894
102,0.9885197789971846,0.9130999804124557,0.08582136462223872,0.08031689881931692,0.34467250805132527,0.09366628996355161
103,0.9091745906319716,0.8463355585776839,0.10063689556706279,0.0937913283196989,0.3141503391553406,0.09707274878887605
104,0.8219092023915764,0.7739597102524075,0.1083974213223434,0.10154324267199502,0.2990447037408406,0.08036608218540568
105,0.7318913067985973,0.6943150006891546,0.11016462569282784,0.10523251609805018,0.26914704775588205,0.06834614711318938
106,0.6441338856880179,0.6169552428710794,0.10768824793119545,0.10337102539015836,0.24820236992610256,0.06337626327127094
107,0.5631336746660729,0.5455748815262982,0.10314185783865903,0.09893707662968473,0.22892448749889566,0.06645693943534385
108,0.49255006440774807,0.48024619009205105,0.09880348588802183,0.09464462589471237,0.19417174222724282,0.05529076258804323
109,0.4349481767423941,0.42836684024266203,0.09672460345810244,0.09342795276094892,0.1766992640336989,0.03650285305226782
110,0.39162508114731176,0.383148311550115,0.09843248714404546,0.09543640723788542,0.1702956761975817,0.038266174854309234
111,0.36253193889657187,0.3613886223985311,0.10470645329407557,0.10142583697967412,0.16653274980300287,0.04595256432984935
112,0.34629773599369507,0.35070256739444455,0.11545842917614968,0.11098604149349031,0.1798521217055983,0.04815058576162246
113,0.34035272073549494,0.34358468961032523,0.12973418932605746,0.12407085902950225,0.19338824008268163,0.0479061184158379
114,0.3411422569763366,0.3391222386763114,0.1458352397213507,0.13890538814316555,0.21407011297080236,0.05790323209816348
115,0.34441508912858054,0.343464003304283,0.16154498676195833,0.1505818626720323,0.2214234754610773,0.06277223327274574
116,0.345564487726709,0.34822350356059517,0.17442869091390456,0.16084812976884566,0.25659381513926055,0.0800455347416104
117,0.3399968149791732,0.3395710428022551,0.18216668632659888,0.1677190176714101,0.2544814757004119,0.08273867078126974
118,0.32350000960573944,0.3225325367854631,0.1828758015780602,0.1689761824323557,0.2552208026888624,0.09343506164858015
119,0.2925844907556544,0.2983874924981453,0.17537545766948892,0.16256270834347283,0.23711806094903795,0.08017336860599591
